<?xml version="1.0" encoding="UTF-8"?>
<project-private xmlns="http://www.netbeans.org/ns/project-private/1">
    <editor-bookmarks xmlns="http://www.netbeans.org/ns/editor-bookmarks/2" lastBookmarkId="0"/>
    <open-files xmlns="http://www.netbeans.org/ns/projectui-open-files/2">
        <group>
            <file>file:/C:/Users/thiag/Documents/Git/SI400/ClinicaVeterinaria%20-%20Copia/src/br/ftunicamp/veterinaria/model/Especie.java</file>
            <file>file:/C:/Users/thiag/Documents/Git/SI400/ClinicaVeterinaria%20-%20Copia/src/br/ftunicamp/veterinaria/model/Exame.java</file>
            <file>file:/C:/Users/thiag/Documents/Git/SI400/ClinicaVeterinaria%20-%20Copia/src/br/ftunicamp/veterinaria/model/Tratamento.java</file>
            <file>file:/C:/Users/thiag/Documents/Git/SI400/ClinicaVeterinaria%20-%20Copia/src/br/ftunicamp/veterinaria/model/Veterinario.java</file>
            <file>file:/C:/Users/thiag/Documents/Git/SI400/ClinicaVeterinaria%20-%20Copia/src/br/ftunicamp/veterinaria/model/Consulta.java</file>
            <file>file:/C:/Users/thiag/Documents/Git/SI400/ClinicaVeterinaria%20-%20Copia/src/br/ftunicamp/veterinaria/model/Cliente.java</file>
            <file>file:/C:/Users/thiag/Documents/Git/SI400/ClinicaVeterinaria%20-%20Copia/src/br/ftunicamp/veterinaria/model/Pessoa.java</file>
            <file>file:/C:/Users/thiag/Documents/Git/SI400/ClinicaVeterinaria%20-%20Copia/src/br/ftunicamp/veterinaria/model/Animal.java</file>
            <file>file:/C:/Users/thiag/Documents/Git/SI400/ClinicaVeterinaria%20-%20Copia/src/br/ftunicamp/veterinaria/main/ClinicaVeterinaria.java</file>
        </group>
    </open-files>
</project-private>
