<?xml version="1.0" encoding="UTF-8"?>
<project-private xmlns="http://www.netbeans.org/ns/project-private/1">
    <editor-bookmarks xmlns="http://www.netbeans.org/ns/editor-bookmarks/2" lastBookmarkId="0"/>
    <open-files xmlns="http://www.netbeans.org/ns/projectui-open-files/2">
        <group>
            <file>file:/C:/Users/thiag/Desktop/Veterinaria%20clinica/src/br/ftunicamp/veterinaria/view/TelaVeterinario.java</file>
            <file>file:/C:/Users/thiag/Desktop/Veterinaria%20clinica/src/br/ftunicamp/veterinaria/control/PessoaControle.java</file>
            <file>file:/C:/Users/thiag/Desktop/Veterinaria%20clinica/src/br/ftunicamp/veterinaria/control/VeterinarioControle.java</file>
            <file>file:/C:/Users/thiag/Desktop/Veterinaria%20clinica/src/br/ftunicamp/veterinaria/model/Secretaria.java</file>
            <file>file:/C:/Users/thiag/Desktop/Veterinaria%20clinica/src/br/ftunicamp/veterinaria/view/TelaLogin.java</file>
            <file>file:/C:/Users/thiag/Desktop/Veterinaria%20clinica/src/br/ftunicamp/veterinaria/view/TelaPrincipal.java</file>
            <file>file:/C:/Users/thiag/Desktop/Veterinaria%20clinica/src/br/ftunicamp/veterinaria/view/TelaAnimais.java</file>
            <file>file:/C:/Users/thiag/Desktop/Veterinaria%20clinica/src/br/ftunicamp/veterinaria/dao/SecretariaDAO.java</file>
            <file>file:/C:/Users/thiag/Desktop/Veterinaria%20clinica/src/br/ftunicamp/veterinaria/model/Pessoa.java</file>
            <file>file:/C:/Users/thiag/Desktop/Veterinaria%20clinica/src/br/ftunicamp/veterinaria/dao/AnimalDAO.java</file>
            <file>file:/C:/Users/thiag/Desktop/Veterinaria%20clinica/src/br/ftunicamp/veterinaria/model/Tratamento.java</file>
            <file>file:/C:/Users/thiag/Desktop/Veterinaria%20clinica/src/br/ftunicamp/veterinaria/view/main.java</file>
            <file>file:/C:/Users/thiag/Desktop/Veterinaria%20clinica/src/br/ftunicamp/veterinaria/view/TelaSecretaria.java</file>
            <file>file:/C:/Users/thiag/Desktop/Veterinaria%20clinica/src/br/ftunicamp/veterinaria/view/TelaCliente.java</file>
            <file>file:/C:/Users/thiag/Desktop/Veterinaria%20clinica/src/br/ftunicamp/veterinaria/dao/Serializa.java</file>
            <file>file:/C:/Users/thiag/Desktop/Veterinaria%20clinica/src/br/ftunicamp/veterinaria/control/SecretariaControle.java</file>
            <file>file:/C:/Users/thiag/Desktop/Veterinaria%20clinica/src/br/ftunicamp/veterinaria/dao/PessoaDAO.java</file>
            <file>file:/C:/Users/thiag/Desktop/Veterinaria%20clinica/src/br/ftunicamp/veterinaria/model/Veterinario.java</file>
            <file>file:/C:/Users/thiag/Desktop/Veterinaria%20clinica/src/br/ftunicamp/veterinaria/dao/VeterinarioDAO.java</file>
        </group>
    </open-files>
</project-private>
