<?xml version="1.0" encoding="UTF-8"?>
<project-private xmlns="http://www.netbeans.org/ns/project-private/1">
    <editor-bookmarks xmlns="http://www.netbeans.org/ns/editor-bookmarks/2" lastBookmarkId="0"/>
    <open-files xmlns="http://www.netbeans.org/ns/projectui-open-files/2">
        <group>
            <file>file:/C:/Users/thiag/Desktop/Veterinaria%20clinica/src/br/ftunicamp/veterinaria/view/TelaSecretaria.java</file>
            <file>file:/C:/Users/thiag/Desktop/Veterinaria%20clinica/src/br/ftunicamp/veterinaria/view/TelaCliente.java</file>
            <file>file:/C:/Users/thiag/Desktop/Veterinaria%20clinica/src/br/ftunicamp/veterinaria/view/TelaVeterinario.java</file>
            <file>file:/C:/Users/thiag/Desktop/Veterinaria%20clinica/src/br/ftunicamp/veterinaria/view/TelaAnimais.java</file>
        </group>
    </open-files>
</project-private>
