<?xml version="1.0" encoding="UTF-8"?>
<project-private xmlns="http://www.netbeans.org/ns/project-private/1">
    <editor-bookmarks xmlns="http://www.netbeans.org/ns/editor-bookmarks/2" lastBookmarkId="0"/>
    <open-files xmlns="http://www.netbeans.org/ns/projectui-open-files/2">
        <group>
            <file>file:/C:/Users/AmadeuCarvalho/Desktop/Estudos/Unicamp/FT_Unicamp/4°Semestre/POO%20II/SI400-master/Veterinaria%20clinica/src/br/ftunicamp/veterinaria/control/AnimalControle.java</file>
            <file>file:/C:/Users/AmadeuCarvalho/Desktop/Estudos/Unicamp/FT_Unicamp/4°Semestre/POO%20II/SI400-master/Veterinaria%20clinica/src/br/ftunicamp/veterinaria/dao/SerializaDeserializa.java</file>
            <file>file:/C:/Users/AmadeuCarvalho/Desktop/Estudos/Unicamp/FT_Unicamp/4°Semestre/POO%20II/SI400-master/Veterinaria%20clinica/src/br/ftunicamp/veterinaria/dao/AnimalDAO.java</file>
            <file>file:/C:/Users/AmadeuCarvalho/Desktop/Estudos/Unicamp/FT_Unicamp/4°Semestre/POO%20II/SI400-master/Veterinaria%20clinica/test/br/ftunicamp/veterinaria/model/AnimalTest.java</file>
            <file>file:/C:/Users/AmadeuCarvalho/Desktop/Estudos/Unicamp/FT_Unicamp/4°Semestre/POO%20II/SI400-master/Veterinaria%20clinica/src/br/ftunicamp/veterinaria/view/TelaAnimais.java</file>
        </group>
    </open-files>
</project-private>
