<?xml version="1.0" encoding="UTF-8"?>
<project-private xmlns="http://www.netbeans.org/ns/project-private/1">
    <editor-bookmarks xmlns="http://www.netbeans.org/ns/editor-bookmarks/2" lastBookmarkId="0"/>
    <open-files xmlns="http://www.netbeans.org/ns/projectui-open-files/2">
        <group>
            <file>file:/C:/Users/t187583/Desktop/Veterinaria%20clinica/src/br/ftunicamp/veterinaria/model/Animal.java</file>
            <file>file:/C:/Users/t187583/Desktop/Veterinaria%20clinica/src/br/ftunicamp/veterinaria/dao/VeterinarioDAO.java</file>
            <file>file:/C:/Users/t187583/Desktop/Veterinaria%20clinica/src/br/ftunicamp/veterinaria/model/Pessoa.java</file>
            <file>file:/C:/Users/t187583/Desktop/Veterinaria%20clinica/src/br/ftunicamp/veterinaria/view/TelaConsulta.java</file>
            <file>file:/C:/Users/t187583/Desktop/Veterinaria%20clinica/src/br/ftunicamp/veterinaria/control/PessoaControle.java</file>
            <file>file:/C:/Users/t187583/Desktop/Veterinaria%20clinica/src/br/ftunicamp/veterinaria/model/Veterinario.java</file>
        </group>
    </open-files>
</project-private>
